2b255j.top; Delete
2d11i1qo.biz; Delete
2ehspx.top; Delete
2epaxj.top; Delete
2nuu5c.top; Delete
39m9hpjwebmnpj.jp; Delete
3aet4.tokyo; Delete
3nhynu.top; Delete
4iuyuzk3.cloud; Delete
4qole744.biz; Delete
4rys2u.top; Delete
4s4wda.top; Delete
4yd2u8.top; Delete
5d4k55.top; Delete
5hs3gkefun9.nagoya; Delete
5p8wex.top; Delete
5vdtfj.top; Delete
5xqwdr.top; Delete
5zj325d5.biz; Delete
6-7zzuez.nagoya; Delete
61z2dric.biz; Delete
648ez42g.biz; Delete
69zrvfb7.biz; Delete
6b2c5x.top; Delete
6lusco.biz; Delete
713zydde.biz; Delete
76mibc67.biz; Delete
7mxdc.tokyo; Delete
7pmb80pz.biz; Delete
84az38.biz; Delete
88wg5b3y.biz; Delete
8ixvgap2.biz; Delete
95ma4c5wb.biz; Delete
99fl5zsg.biz; Delete
9ddhkz0p.biz; Delete
9gdlpnl2.biz; Delete
a7gdj1py.biz; Delete
aa4fds.top;1; Delete
aaczz.bid; Delete
aatdf.bid; Delete
abahle.stream;1; Delete
abbjyyhigh.club; Delete
abc-gmbh.xyz; Delete
abenko.ru; Delete
ablogz.bid; Delete
acanthosis.website; Delete
accdgree.us; Delete
accogacy.net; Delete
adrianresources.biz;1; Delete
ae2yy.tokyo; Delete
af-6jdj.nagoya; Delete
ahzczy.bid; Delete
aissw.bid; Delete
aj3asqwm.biz; Delete
ajjpt7a9.biz; Delete
aktfijhtrhd.site; Delete
alexis-smith.us; Delete
alwop2z7.biz; Delete
alypothjot.tokyo; Delete
amershamonline.biz;1; Delete
amy-with-margaret.us; Delete
amzingdsl.bid;1; Delete
andervudpol.ru; Delete
andminus.xyz; Delete
andmulti.xyz; Delete
andplus.xyz;1; Delete
annabelle-griffin.us; Delete
anocomvc.com.br;1; Delete
anqmd.bid; Delete
aogjrhsdfg.tokyo; Delete
arcloc.bid; Delete
arimasetu.biz; Delete
aspgood.com;1; Delete
atmyx.bid; Delete
atoccs.stream; Delete
audiavante.com.br;1; Delete
austricts.xyz; Delete
axwax.trade;1; Delete
b2bppg.top; Delete
b8vtc4.top; Delete
bacie.info; Delete
backtolift.bid; Delete
baorh.stream;1; Delete
barkerdzhozef.ru; Delete
bc0ouelw.biz; Delete
bcreek.trade;1; Delete
bdswa.review; Delete
bedled.bid; Delete
bedoev.bid; Delete
belgiumpromo.website; Delete
bennettdzhon.ru; Delete
bestbrain.xyz; Delete
bestresponse.online;1; Delete
bet-for-777.us; Delete
bforj.bid; Delete
bieyf.bid; Delete
binarytrade-options.us; Delete
bisaib.bid; Delete
bit-gmbh.xyz; Delete
bjrjmw.bid;1; Delete
bk4i3.tokyo; Delete
blahaweldsoug.life; Delete
blogmator.info; Delete
bmmjymiv.biz; Delete
boiuotousda.us; Delete
boiutateas.us; Delete
boiutuast.us; Delete
boiutuuat.us; Delete
brittany-with-ruth.us; Delete
butbrays.ru; Delete
buziguse.site; Delete
bxsjzl.stream; Delete
byornsoliver.ru; Delete
bywz.xyz; Delete
bzzjfs.bid; Delete
c1yvk73k.biz; Delete
c5k6k3dr2ft6566.xyz; Delete
c8re6s.top;1; Delete
caipscrufpsi.info; Delete
carpe-affectionate.ga; Delete
caspeore.ru; Delete
caspeth.info; Delete
cb9wydwz.nagoya; Delete
cbndssw.us; Delete
cbxie.bid; Delete
ccxns8he.biz; Delete
cf-scarletsails.ru; Delete
cgcp.xyz; Delete
cgcr.xyz; Delete
cglr.xyz; Delete
cglt.xyz; Delete
cgph.xyz; Delete
cgpj.xyz; Delete
cgqd.xyz; Delete
cgqk.xyz; Delete
chovha.trade;1; Delete
chtior.bid; Delete
cidademodello.com.br;1; Delete
citfly.stream; Delete
ck5tm.tokyo; Delete
ck7.net.br;1; Delete
ckappz.bid; Delete
cleera.bid; Delete
cliffgholston.us; Delete
cmwf.site; Delete
cncgdz.stream; Delete
cnetgs.info; Delete
cnnipr.trade;1; Delete
cnt1rs3k.biz; Delete
cnyue.bid; Delete
cobracasmail.ml;1; Delete
cofferyu.us; Delete
coiutoiuasds.us; Delete
condordosaires.com.br;1; Delete
confunnel.xyz; Delete
conveniodesaudemkt.com.br; Delete
corollege.xyz; Delete
corverum.info; Delete
creda.info; Delete
crmarketing.website; Delete
cronsi.info; Delete
cttgyz.stream; Delete
cvsaweq.us; Delete
cxwfg.stream; Delete
cylington.xyz; Delete
d-ghnzgt.nagoya; Delete
daily-deals.site; Delete
dapot.info; Delete
daqero.ru; Delete
dareju.site; Delete
dcibh.bid; Delete
ddy6yu54.biz; Delete
de9tr.tokyo; Delete
declicance.xyz; Delete
dedicity.xyz; Delete
defndrdirctts.bid;1; Delete
detectible.date; Delete
dexjyt.bid; Delete
dgdwcs.bid; Delete
dicadoano.com.br;1; Delete
dieselinjetores.com.br;1; Delete
dimeke.bid; Delete
diverpon.xyz; Delete
djears.stream; Delete
djjehu.bid; Delete
djypfk.biz; Delete
dk7ck4ced.biz; Delete
dlycia.bid; Delete
dmcr.xyz; Delete
dmdr.xyz; Delete
dmgr.xyz; Delete
dmkl.xyz; Delete
dmlg.xyz; Delete
dmlk.xyz; Delete
dmlp.xyz; Delete
dmpj.xyz; Delete
dodatni-prihodki.info; Delete
dog-web2-web.tokyo.jp; Delete
donhuri.space; Delete
dosugani.site; Delete
dowakur.site; Delete
dpesss.bid; Delete
drgedi.bid;1; Delete
drnucc.bid; Delete
drucuqw.xyz; Delete
dsr9ui1c.biz; Delete
dtexco.bid; Delete
dughty.bid;1; Delete
dulcianashelagh.ru; Delete
dwjzz.bid;1; Delete
dycgf.bid; Delete
dydliy.bid; Delete
dylq.xyz; Delete
dyqg.xyz; Delete
dyrh.xyz; Delete
dzbk.xyz; Delete
dzheksongarri.ru; Delete
ecszolme.us; Delete
ecy4dp.top; Delete
ed04bc1gszm5wzg1.club; Delete
edmtools.top;1; Delete
ee3847.top;1; Delete
eedd.top; Delete
eekk.top; Delete
eemm.top; Delete
eered.info; Delete
eett.top; Delete
eezz.top; Delete
egurikopo.site; Delete
eiteikai.site; Delete
elliottobi.ru; Delete
embarkup.xyz; Delete
emma-allen.us; Delete
encontredetudoloja.com.br;1; Delete
enteressemundial.com.br;1; Delete
esrong.bid; Delete
ethercapitals.com; Delete
etkinstobi.ru; Delete
evangelinalorettalorna.ru; Delete
evaqh.stream; Delete
evatue.info; Delete
experitain.xyz; Delete
extesrt.us; Delete
extrasender.com;1; Delete
eytutryhtr.tokyo; Delete
fabricpaper.bid; Delete
facaseusplanos.com.br; Delete
fastbr.bid;1; Delete
fbcgib.trade;1; Delete
fchdyj.bid; Delete
fclxzz.bid; Delete
fddxjy.bid; Delete
fencox.stream;1; Delete
ffrost.bid; Delete
ffsty.bid; Delete
fgrre.stream;1; Delete
fibofx.trade;1; Delete
fitflopsale-clearance.us.com; Delete
fitnjf.stream;1; Delete
flamomega.loan; Delete
flauersuilyam.ru; Delete
fliery.info; Delete
fllq.xyz; Delete
floridagolue.com;1; Delete
flrsix.trade;1; Delete
fludub.bid;1; Delete
fluho.trade;1; Delete
fnydi.tokyo; Delete
foldelea.loan; Delete
footpc.bid;1; Delete
fopke.stream;1; Delete
fq8oijzx.biz; Delete
freqnz.bid; Delete
frequippe.xyz; Delete
fsdtwl.stream; Delete
fusionish.xyz; Delete
fxqzl.bid; Delete
fzzszp.bid; Delete
gabojuwi.space; Delete
gairtray.xyz; Delete
galdego.info; Delete
gazese.stream;1; Delete
gcrneh.stream;1; Delete
gejod.bid; Delete
geninwotu.biz; Delete
georgiasach.com;1; Delete
gigialmadarya.ru; Delete
glencorepost.us; Delete
glenndevid.ru; Delete
globocabohost.us; Delete
gloria-with-tiffany.us; Delete
gmbh24.top; Delete
gnljx.stream;1; Delete
gnomib.bid;1; Delete
godprms.us; Delete
goene.info; Delete
gogipaka.space;1; Delete
goiureouasaa.us; Delete
goodbraiiin.xyz; Delete
googoolook.info; Delete
gosentani.site; Delete
gqxxjc.bid; Delete
grace-gonzalez.us; Delete
greaterthantwoevils.xyz; Delete
greenislife.xyz; Delete
gregorikornelius.ru; Delete
griffitmaykl.ru; Delete
grinbarnebi.ru; Delete
gtwn1rw1.biz; Delete
gudmendeniel.ru; Delete
gudvindzhon.ru; Delete
guentapressao.com.br;1; Delete
gustacassondra.ru; Delete
gxxmcm.bid; Delete
gymnosphor.xyz; Delete
gynl7l.biz; Delete
gyrsru.top; Delete
gzijf.stream;1; Delete
h3gyf.tokyo; Delete
halope.ru; Delete
hanaweb-webhhana.akita.jp; Delete
haniawta.site; Delete
hannah-with-teresa.us; Delete
hannahsmaleguy.us; Delete
hardipreston.ru; Delete
haruyamasak.site; Delete
harvicharlz.ru; Delete
hastsl.bid; Delete
hbhith.bid; Delete
hbtuda.trade;1; Delete
hbzod.bid; Delete
hcfk.xyz; Delete
hcpycd.bid;1; Delete
hdxhzs.bid;1; Delete
headposturefix.faith; Delete
healthymenactive.date; Delete
hemisph-competent.ga; Delete
henkokpol.ru; Delete
heute-rezeptfrei24.men; Delete
hfed03d5.biz; Delete
higginspiter.ru; Delete
himawari-web.akita.jp; Delete
hitowosima.biz; Delete
hkchz.stream;1; Delete
hlpifa.stream; Delete
hndeer.bid; Delete
hold-gmbh.xyz; Delete
hornmark.ru; Delete
host-comfort.ga; Delete
hostage-mel.ga; Delete
hotbuddii.bid; Delete
hotbudy.bid;1; Delete
hpesia.bid; Delete
hrapoville.ru; Delete
hugo-gmbh.xyz; Delete
huramingof.site; Delete
ibalexo.ru; Delete
ibbcqc.bid; Delete
ibvcd.stream; Delete
icbcqq.bid;1; Delete
iezgo.bid; Delete
ifilim.trade;1; Delete
iidd.top; Delete
iigg.top; Delete
iihh.top; Delete
iik361c0.biz; Delete
ikehow.trade;1; Delete
ilphp.bid; Delete
immer-rezeptfrei24.men; Delete
imoveiscartoriogeral.com.br;1; Delete
inch-apologize.ga; Delete
inff.info; Delete
ingeisabella.ru; Delete
iodfutime.us; Delete
iolepeep.loan;1; Delete
ioukotoga.biz; Delete
ioutyiusasd.us; Delete
iphon7s.bid;1; Delete
iqybl.stream; Delete
irtxkj.bid; Delete
is1.dolphinkeepers.com;1; Delete
is15.rabitways.com;1; Delete
iswsi.stream; Delete
iyfi669e.nagoya; Delete
j2ectkk0.biz; Delete
jackpot--trophy.us; Delete
jaelp.bid; Delete
jafxfa.top; Delete
janalainey.ru; Delete
jdmpx.bid; Delete
jean-with-julie.us; Delete
jetzt-rezeptfrei24.men; Delete
jjchjc.bid; Delete
jmshd.bid; Delete
jnjxmf.bid;1; Delete
jnycly.bid; Delete
joelsproudinfo.us; Delete
jolettaailsun.ru; Delete
josephelbow.com; Delete
jqbbyy.stream; Delete
jsarh.site; Delete
jsskss.bid; Delete
juicus.info; Delete
k26ba189.biz; Delete
kaeritai.click; Delete
karpenterpol.ru; Delete
kasentai.site; Delete
kbrgrp.bid; Delete
kennondzhoshua.ru; Delete
kent-gmbh.xyz; Delete
keyndzhozef.ru; Delete
kfrine.bid; Delete
kjtuausas.us; Delete
kjuyyiasads.us; Delete
kkuuf.stream;1; Delete
kobbbrayan.ru; Delete
kobbdzheykob.ru; Delete
koiemu.com;1; Delete
kolwer.xyz; Delete
komagurei.click; Delete
komayamasho.site; Delete
komeritoda.site; Delete
koninhaku.biz; Delete
korecyndia.ru; Delete
kpwasteltd.com;419; Delete
kruteeka.xyz; Delete
kshzyj.bid; Delete
kuaisi.bid;1; Delete
kunagare.biz; Delete
kzkzkk.trade;1; Delete
kzmp.xyz; Delete
l6qq4rep.biz; Delete
lanbbd.stream;1; Delete
larira.bid; Delete
layanganspir.info; Delete
leshiabarbara.ru; Delete
lewertix.ru; Delete
lgyfsw.bid; Delete
liding.bbbf.trade;1; Delete
lippsstuntslgren.info; Delete
lkjfes.us; Delete
llaa.top; Delete
lloydgarri.ru; Delete
llwhh.bid; Delete
localbuddyy.bid; Delete
localbudy.date;1; Delete
logml.biz; Delete
lookpublishing.com;1; Delete
louboutinoutletshoes.us; Delete
lovematch.xyz; Delete
ltoek.cf;1; Delete
lymrgl.stream;1; Delete
lywx.xyz; Delete
maisdigital.club; Delete
maizoubun.site; Delete
makkoybrenden.ru; Delete
makureno.click; Delete
manifestationkey.us; Delete
maria-sanchez.us; Delete
maria-with-evelyn.us; Delete
mark-gmbh.xyz; Delete
marketing-context.info;1; Delete
mattural.xyz; Delete
maya-ramirez.us; Delete
mazugabu.site; Delete
mbt-clearance.us; Delete
mclagyimflashgo.info; Delete
mdt21.fr; Delete
medignm.date; Delete
mediumamanda.website; Delete
medvmm.date; Delete
meieve.stream;1; Delete
meiyujito.biz; Delete
mejury.club; Delete
meleng.bid; Delete
mercroup.net; Delete
merrittmark.ru; Delete
metaswitchost.us;1; Delete
metyusgeri.ru; Delete
mhkid.bid; Delete
mielrikxleem.info; Delete
minence.xyz; Delete
minoacyl.xyz; Delete
miralo.info;1; Delete
mireud.bid; Delete
mizukarasxawarinp.tokyo; Delete
mokimoka.site; Delete
monbc.bid; Delete
money--chips.us; Delete
money-n-success.us; Delete
moneybetsplay.bid; Delete
monkuranu.click; Delete
mp0yh3.biz; Delete
msmel.bid; Delete
mw2f.nagoya; Delete
mwgb.xyz; Delete
mwkb.xyz; Delete
mxcontato.com.br; Delete
myorfidzhozef.ru; Delete
mzds5.tokyo; Delete
mzmt4xf-u47.nagoya; Delete
mzyycz.stream; Delete
natiobn.us; Delete
ncner.bid; Delete
ncqlig.bid;1; Delete
ndbush.bid; Delete
ndvtj.bid; Delete
nerwest.us; Delete
netsect.us; Delete
new2018new.ru; Delete
newshowto.site; Delete
nhjb.xyz; Delete
nmgtj.bid; Delete
nnops.bid; Delete
noliedib.bid;1; Delete
normanfrensis.ru; Delete
nosisitu.biz; Delete
nyutonklifton.ru; Delete
obeyomit.loan; Delete
obsee.info; Delete
oconnorokonndzhon.ru; Delete
offgridds.bid;1; Delete
oiaco.bid; Delete
onesutotes.site; Delete
ooaa.top; Delete
oobb.top; Delete
oohh.top; Delete
orionfinancialenergy.com;419; Delete
osakaosakaosakaksfe.work; Delete
osieruno.space; Delete
oushei.bid;1; Delete
overstudying.date; Delete
oxygenns.bid;1; Delete
p49afm21.biz; Delete
p7-njwiua2y.nagoya; Delete
p8jy8r66.biz; Delete
pacefix.info; Delete
pageance.xyz; Delete
pandoradiscouny.us; Delete
pansiecodie.ru; Delete
pattendo.xyz; Delete
pbptec.bid; Delete
pdbxw.stream; Delete
pdmj.xyz; Delete
pdrem.stream;1; Delete
pdxb.xyz; Delete
peshtg.stream;1; Delete
peu-9kup.cloud; Delete
pezmo.bid; Delete
pfhgugryp.us; Delete
pharmstore24x7.ru; Delete
pincelline.click;1; Delete
pitacobom.com.br;1; Delete
pitthit.loan; Delete
pjnz.xyz; Delete
pkusv.stream;1; Delete
planingshootgun.date; Delete
play--vegas.us; Delete
pmtuk.tokyo; Delete
pndora.us; Delete
poyrazkoy.xyz; Delete
ppee.top; Delete
pradomil.com.br;1; Delete
pranibali.com; Delete
prazermaior.com.br;1; Delete
prize-for-trophy.us; Delete
prize-n-success.us; Delete
pronto-gmbh.xyz; Delete
prowebtradeq.su; Delete
prowebtrades.su; Delete
ptfobg.bid; Delete
pvpos.stream;1; Delete
qckap.trade;1; Delete
qicgdbvs.biz; Delete
qouryio.com;1; Delete
qponiku.click; Delete
qseeaf.trade;1; Delete
querendoprazer.com.br;1; Delete
qxflx.bid;1; Delete
r92yorls.biz; Delete
raiak.bid; Delete
raindsytcity.xyz; Delete
raindsytguide.xyz; Delete
rathedras.xyz; Delete
raucan.info; Delete
raylikristofer.ru; Delete
raytdzhozef.ru; Delete
rbehc.bid;1; Delete
rbkns.bid;1; Delete
rbusf.bid; Delete
reasonpanaverage.info; Delete
redshu.info; Delete
refillcheapmeds.ru; Delete
reg-gmbh.xyz; Delete
regrrowhairr.bid;1; Delete
relieffrey.xyz; Delete
renewalls.bid;1; Delete
renewalwndo.bid;1; Delete
repohres.bid;1; Delete
reteikuno.biz; Delete
richardsentoni.ru; Delete
rjoub.bid; Delete
roesyp.bid; Delete
roiutasda.us; Delete
ropesoots.bid;1; Delete
rosemezon.site; Delete
rrbz7cbun63.nagoya; Delete
rrii.top; Delete
rudeyasi.site; Delete
ruideteio.site; Delete
rxtopdiscount.ru; Delete
s-s6kc.tokyo; Delete
s5o1iul1.biz; Delete
safeaidstore.su; Delete
sarcotia.xyz; Delete
sasamemina.site; Delete
saudslumrrio.info; Delete
sduhfegfd.tokyo; Delete
searcer.net; Delete
sebeck.loan; Delete
sefugami.site; Delete
sellantum.net; Delete
septp.bid;1; Delete
server.bitcoinsdeals.com;1; Delete
server.playpal.games;1; Delete
server.thebitcoinsnetwork.com;1; Delete
sexapotheke-zentrale.info; Delete
sfljua.axwax.trade;1; Delete
sgs-sourcing.biz; Delete
shedwpn.us; Delete
sheep-infect.ga; Delete
shortdzhervis.ru; Delete
siiie.bid; Delete
simsdzhoshua.ru; Delete
simulationease.com; Delete
sitebai.space; Delete
slnotron.biz; Delete
smolldzhordzh.ru; Delete
smrtpowerr.bid;1; Delete
soluton.bid;1; Delete
sositenoi.biz; Delete
spacellows.xyz; Delete
sparksedrian.ru; Delete
stella-baker.us; Delete
storehealthlife.ru; Delete
subscription.space; Delete
superchalk.xyz; Delete
suzuka-web333.akita.jp; Delete
sweesition.com; Delete
syntash.xyz; Delete
syoic.bid; Delete
t9avam.biz; Delete
tahanohusu.biz; Delete
taoqux.stream; Delete
tasugimi.space; Delete
tefess.bid; Delete
tellerish.xyz; Delete
tempo-gmbh.xyz; Delete
terminixit.bid;1; Delete
testersneeded.xyz; Delete
testorne.bid;1; Delete
teytdeyl.ru; Delete
teytdonald.ru; Delete
thatwhitehouse.xyz; Delete
theodosiamarjie.ru; Delete
thepillstrade.su; Delete
thougnion.com; Delete
threeweekdiet.bid;1; Delete
tkjsduasda.us; Delete
todabunko.site; Delete
toiuasda.us; Delete
topdirectproy.su; Delete
toptrusta.su; Delete
toptrustb.su; Delete
torasco-let.info; Delete
towndamp.loan; Delete
tradewebx.su; Delete
trading-group.us; Delete
trckra.stream; Delete
tredse.review; Delete
tribut-shout.ga; Delete
trkrgro.us; Delete
trustcentrm.su; Delete
trustcentrn.su; Delete
trustwebpro.su;1; Delete
ttahiroe.biz; Delete
ttkb31j7.biz; Delete
tudizr.stream; Delete
twsfgg.stream;1; Delete
udjygc.bid; Delete
uilkinsosvin.ru; Delete
ukxulk.bid; Delete
ulmgimp.loan; Delete
umtozs.biz; Delete
unlckhips.bid;1; Delete
unlockhpss.bid;1; Delete
uolshvalentayn.ru; Delete
uoltonsaylas.ru; Delete
uorrendzhoshua.ru; Delete
upggg.bid; Delete
upj6ntwk.biz; Delete
uptv4edk.biz; Delete
upube.stream;1; Delete
userpi.info; Delete
usyn6eqh.biz; Delete
utmob.club; Delete
uyxbox.stream; Delete
v-chords.de; Delete
v9xxrvvx.biz; Delete
vanld.bid;1; Delete
vapor-max.us.com; Delete
vdqag.bid;1; Delete
vdqat.bid; Delete
veeof.bid;1; Delete
victhfcvjn.date; Delete
victonvnm.date; Delete
victoriapromo.website; Delete
vigorforca.com.br;1; Delete
vikctr.bid; Delete
vintthon.net; Delete
violet-long.us; Delete
voiutoiusasd.us; Delete
vqk25glm.biz; Delete
vredaso.ru; Delete
vrzia.bid; Delete
vxdpyoux.biz; Delete
wakemori.site; Delete
wakfs.trade;1; Delete
wakukugu.site; Delete
wasenakusi.space; Delete
waupuruka.space; Delete
waywaypanicstoripx.tokyo; Delete
wdxp.xyz; Delete
webremu-web.tokyo.jp; Delete
wenger-werkzeugbau.de; Delete
wexpt.trade;1; Delete
wfxkhf.top; Delete
whitlead.net; Delete
wieredfbric.us; Delete
wine837-puppy837.ga; Delete
winner-n-game.us; Delete
wklly.bid; Delete
wombok.info; Delete
wonosowo.biz; Delete
wrdesf.us; Delete
writeus.info; Delete
www.622av.pw;1; Delete
www.626av.pw;1; Delete
wxzbxj.trade;1; Delete
x4qkyxd3.biz; Delete
x64abaw6i92.nagoya; Delete
x8iih.tokyo; Delete
xen-gmbh.xyz; Delete
xgzh9igb.biz; Delete
xn--80a5aalg2b0at.xn--p1ai;1; Delete
xn--80absl1fyb.xn--p1ai; Delete
xn--80ad6alqke3a4e.xn--p1ai; Delete
xn--80agd3a2az2a.xn--p1ai; Delete
xn--80avchbq4cra.xn--p1ai; Delete
xn--90afb8cc3ar.xn--p1ai; Delete
xn--b1aab5a8f.xn--p1ai; Delete
xn--b1aabvcp8gtae.xn--p1ai; Delete
xn--b1aevjn.xn--p1ai; Delete
xn--b1ahb2b4dqd.xn--p1ai; Delete
xn--b1akaugzh1fxb.xn--p1ai; Delete
xn--b1asm1aggi.xn--p1ai;1; Delete
xn--b1atcon3d.xn--p1ai; Delete
xn--d1adydv8ao.xn--p1ai; Delete
xn--e1abzn8azc.xn--p1ai; Delete
xn--g1aiacl2c6d.xn--p1ai; Delete
xn--g1ammd2c.xn--p1ai; Delete
xn--k1aiyhn.xn--p1ai; Delete
xn--l1ahcfp.xn--p1ai; Delete
xsf8e0wt.biz; Delete
xxvx.top; Delete
y20pp1bx.biz; Delete
ynxae.stream;1; Delete
yorutoko.site; Delete
yourfirstsale.ru; Delete
yrtes.us; Delete
ysldec.bid; Delete
yundxt.bid; Delete
yutrem.us; Delete
yuu-web0505lobo.tokyo.jp; Delete
yvl6dusm.biz; Delete
yyjgx.loan;1; Delete
yyvy.top; Delete
zatreq.ru; Delete
zcgspx.stream; Delete
zdkg.nagoya; Delete
zeigasei.biz; Delete
zfxgu0aunt.biz; Delete
zhzje.bid; Delete
zzz-gmbh.xyz; Delete
000cas.info; Insert
1011foster.com; Insert
111cas.info; Insert
137.74.137.255;1; Insert
18dating.pw; Insert
1vdvul71.biz; Insert
2msl.com; Insert
2u-u3t1-o11u.biz; Insert
2vuc.com; Insert
2wnnk81m1u.com; Insert
51.254.81.1;1; Insert
54r3.com; Insert
5asv4mhzv1.dasyclub.top;1; Insert
5lftilzg.biz; Insert
68hkwwad3hl.net; Insert
6august2016ppe.ro.im;1; Insert
6qde7kx-khy.biz; Insert
777-a-money.us; Insert
7august2016ppe.ro.im;1; Insert
90u9.com; Insert
9jpk.com; Insert
a3ws-z6srw-9q3-br2.biz; Insert
a9dt.com; Insert
adadvertorials.com;1; Insert
adtggfge.ru; Insert
advertsyan.com;1; Insert
advicewomenheealthy.com; Insert
adyielded.com;1; Insert
afbbgfjq.info; Insert
airmaxs2016.org; Insert
aktaseodomains.org; Insert
alldomainsmegs.org; Insert
alldompros.org; Insert
alldomshoster.org; Insert
allreghosters.org; Insert
alseeing.com; Insert
altnewspress.com; Insert
amontillergy.com; Insert
andreaplusbrenda.us; Insert
anettatamma.ru; Insert
aniesdomainseos.org; Insert
anieshostsseo.org; Insert
aniestechespro.org; Insert
annatesshockingness.pw; Insert
annatesunparrying.pw; Insert
annountify.com; Insert
anstioder.com; Insert
antelopehillsbeauty.com; Insert
anunciatudo.net; Insert
anydomainsalls.org; Insert
anyservdoms.org; Insert
apexgc@barid.com;419; Insert
applerapidnewscentral.com; Insert
arabillionague.com; Insert
assoilmerchantableness.pw; Insert
assoilnondistinguished.pw; Insert
ataraxicnonmetamorphous.pw; Insert
ataraxicunfavoring.pw; Insert
autoandina.info; Insert
autosystem.org;1; Insert
auxeticpillwort.pw; Insert
bancaelectronica-abanca.com; Insert
bathicalson.com; Insert
beautyskinnow.com; Insert
beckmann-gmbh.info; Insert
becogniformed.com; Insert
becominent.org; Insert
becontropon.com; Insert
bernoulliriposting.pw; Insert
besprinkledisunited.pw; Insert
bestamilarism.com; Insert
bestherbdeal.ru; Insert
bestnewphonesetup.com; Insert
bestproshotcams.com; Insert
bestrealweb.su; Insert
bestsurvivorstools.com; Insert
besttabletmall.ru; Insert
betterratemortage.com; Insert
bettyplusmartha.us; Insert
bewyg9-5r-l6.biz; Insert
bfatyw2p.biz;1; Insert
bibbiehenka.ru;1; Insert
bietthubiennova.info; Insert
birectangularentomolegist.pw; Insert
bj7a.com; Insert
bluerapidnewscentral.com; Insert
bobbywilli.com; Insert
boletim.srv.br; Insert
borary.com; Insert
brainspillsmart.com; Insert
brandysherri.in; Insert
bstonlineclass.net; Insert
bugshunt.pw; Insert
burbitted.com; Insert
c27ev18mjh.com; Insert
cagroosh-g1beauns.net; Insert
caixadecompras.com.br;1; Insert
calcutting.org; Insert
camilececil.in; Insert
canadiasite24.info; Insert
cancelati0nscheduledd.com; Insert
cancenin.com; Insert
cappsclet.info; Insert
carbamatepediculicide.pw; Insert
carbamatesquinnying.pw; Insert
carding.info; Insert
careernewresourceupdates.com; Insert
caremedicaltoday.com; Insert
cariottaumeko.ru; Insert
catherineplusamber.us; Insert
catulluswedging.pw; Insert
caughted.org; Insert
cautional.org; Insert
cbglobal.net; Insert
centralwebnews.info; Insert
certlogicpro.com; Insert
chance-a-club.us; Insert
charountinue.com; Insert
charternewestonlineinfo.com; Insert
chiba-fnavi.com; Insert
chievernment.com; Insert
chips-a-happy.us; Insert
cholics.com; Insert
churttaos.info; Insert
cinehallgos.info; Insert
ciscotlets.com; Insert
city-plumbers.ru; Insert
cividen.com; Insert
claretacrin.in; Insert
cleakoye.info; Insert
cleantoe.pw; Insert
clickandbuy.pw; Insert
climatehondsk.info; Insert
cnl5-g4lt-ky.biz; Insert
collectif-blo.com; Insert
comendapremioqualidade.com; Insert
commodespean.com; Insert
connectnewphonesetup.com; Insert
cooduals.com; Insert
cookcoolgadgets.com; Insert
coolshinehasn.info; Insert
coreprogramss.com; Insert
costice.org; Insert
cotenanet.com.br;1; Insert
crisional.com; Insert
crockeco.com;1; Insert
danielleplusbetty.us; Insert
ddadda004.in; Insert
deadlineenrollmentnewinfo.com; Insert
deanareeba.in; Insert
debitrelif.pw; Insert
debrapluspatricia.us; Insert
defertian.com; Insert
deliafranny.in; Insert
dentistproducts.info; Insert
dependinant.info; Insert
desecreek.com; Insert
desupremelimited.com;419; Insert
dianepluskelly.us; Insert
digibighing.info; Insert
digisoft.com.ar; Insert
dimabiodiet.com; Insert
diminishnowfatto.com; Insert
diosmeanic.com; Insert
discietit.com; Insert
divulseinscribing.pw; Insert
dogaetbalik.com; Insert
dom-dlya-roditeley.ru; Insert
domainserviceorga.org; Insert
domaintechesanies.org; Insert
domdomaintranspro.org; Insert
dommediareglet.org; Insert
domservhostly.org; Insert
domsregorga.org; Insert
domsseohosters.org; Insert
domsservmeg.org; Insert
donghensk.info; Insert
dordogneweddings.com; Insert
dorotheedemetra.com; Insert
dotpiu.us; Insert
dreamrq.com; Insert
driveinthedjhy.info; Insert
drkarynwhite.com; Insert
drugss.net; Insert
dt5tcqkw.biz; Insert
dubairegal.com;1; Insert
ebody.info; Insert
eddedd004.in; Insert
edwardpics.com; Insert
eeteet002.in; Insert
egeszseggarancia.com;1; Insert
ehpovisage.ru; Insert
ejjejj002.in; Insert
elmelomano.com; Insert
emaildynamic.info;1; Insert
emaileron.com; Insert
emilyplussara.us; Insert
enerhdproshots.com; Insert
enjoyfullion.com; Insert
enricaallison.ru; Insert
enrollmentlatestupdates.com; Insert
enteritas.com; Insert
equilibraham.org; Insert
errerr002.in; Insert
evelynplusjoan.us; Insert
evision.pw; Insert
ezofbattery1.info; Insert
ezyautocare.pw; Insert
fallabout.com; Insert
fastwebleads.com;1; Insert
fatestwaytoslim.com; Insert
favouritismoutsnore.pw; Insert
favouritismriposting.pw; Insert
fce-sd.com; Insert
fdv1.com; Insert
feefee001.in; Insert
feelingfly.pw; Insert
feldmann-gmbh.info; Insert
fidelityratebook.com; Insert
figip.us; Insert
fijep.us; Insert
firow.us; Insert
firstaidelement.ru; Insert
fitingoilatglance.com; Insert
fknm-d4ohz7.biz; Insert
flu-qj2z-5de.biz; Insert
fondepenguage.com; Insert
forcentialin.com; Insert
forestromaie.pw;1; Insert
forgetappdon.info;1; Insert
formanymen24.co.com; Insert
formula-1c.ru; Insert
fortune-a-win.us; Insert
fotooboi-su.ru;1; Insert
fourlcreative.com; Insert
francynerobinetta.in; Insert
fruitlants.org; Insert
fujitectentoshibajp.com; Insert
funiftheday.info; Insert
funnynewswire.com; Insert
fwimejiw.com; Insert
fx-managers.info; Insert
gadeu.us; Insert
gadgettoslim.com; Insert
gafhgnice.info; Insert
gahjuoi.us; Insert
gain-and-poker.us; Insert
gaincasinoplay.us; Insert
gapruc.us; Insert
garsad.us; Insert
ghvo-ifx-nov.biz; Insert
gibrammath.com; Insert
gillilisheag.ru; Insert
globalhotdeal.ru; Insert
gogod.info; Insert
goodlookingsmile.com; Insert
goodscoretocredit.com; Insert
grand-game.net; Insert
grandbusiness.net; Insert
grawmatr.info; Insert
growinhauht.info; Insert
gukpec.us; Insert
gychuanhao.com; Insert
hairofnalts.com; Insert
hanantial.com; Insert
handelssystem24.com; Insert
happytobehero.info; Insert
hbrvar.com; Insert
healthlatestspecialinfo.com; Insert
healthnewestonlineinfo.com; Insert
healthnewupdatedinfo.com; Insert
healthspecialnewinfo.com; Insert
healthynewupdatedspecials.com; Insert
helldhjsing.info; Insert
helloworld99.com; Insert
helpwithmentalissues.com; Insert
herbalherbsshop.in; Insert
hezuw.us; Insert
hf7hbi-fdd6.biz; Insert
hh1o.com; Insert
hiamwath.info; Insert
hildegaardmarilee.ru; Insert
hillofthrhi.info; Insert
hippo-enterprise.com; Insert
hitinmall.pro;1; Insert
hoerkras.info; Insert
hogemail.com; Insert
holdestructural.org; Insert
hongkongsuits.org; Insert
horoo.us; Insert
horpak-today.com; Insert
hosmoz.us; Insert
hosteraniesregs.org; Insert
hosterhostsreg.org; Insert
hostersanyhost.org; Insert
hostersdomainstrans.org; Insert
hosterseoorgas.org; Insert
hosterunireg.org; Insert
hostproregs.org; Insert
hostsdomsmedia.org; Insert
hostshosterpros.org; Insert
hotandroidapp.com;1; Insert
hotpillmart.ru; Insert
hotsecurewebmart.in; Insert
hottrustedgroup.ru; Insert
howerender.com; Insert
hxm4f3.soshiny.vip;1; Insert
impresquake.com; Insert
inclumscing.com; Insert
indianvipescort.com; Insert
indigorapidnewscentral.com; Insert
infodiff.eu;1; Insert
inhalantgrisaille.pw; Insert
innerthdgsh.info; Insert
innovative-website-design.com; Insert
instaclash.com;1; Insert
instanthdlens.com; Insert
internetproductnews.com; Insert
involn.com; Insert
iodationinscribing.pw; Insert
ionfxpjn.ru; Insert
iqqjwfoz.ru; Insert
iqreleaseedtrump.com; Insert
irbrblml.ru; Insert
irisdelicias.ru; Insert
izquierdoyasociados.cl;1; Insert
j1d-v03-m9k0.biz; Insert
j5zk-7mt3-ce.biz; Insert
jepweagbb.biz; Insert
jepwlfkqo.biz; Insert
jetcharternewupdates.com; Insert
jfgcjnpku.biz; Insert
jfntvipbz.biz; Insert
jfpvsgwxb.biz; Insert
jfwlvnjuv.biz; Insert
jfwttzoql.biz; Insert
jgjtojivy.biz; Insert
jiragunyah.com; Insert
jishuf.us; Insert
jjfuncenter.com; Insert
jodeebrittaney.com; Insert
jou6k-sva-xp.biz; Insert
kansewpoun.info; Insert
kathyplusbarbara.us; Insert
kathypluskaren.us; Insert
kdgusnnding.info;1; Insert
kerajinan-batik.co.id; Insert
kibokogroup.net; Insert
kickdomain.org; Insert
kigivo.com;1; Insert
kimberlypluscarolyn.us; Insert
kinghkjing.info; Insert
kinhkhanhlinh.com; Insert
kkzvpjryk.biz; Insert
klzqodbvt.biz; Insert
kmetvrhot.biz; Insert
kmjhpwvez.biz; Insert
kmtfmrlsi.biz; Insert
kndxqxnfa.biz; Insert
knicchid.info; Insert
knrkicgzs.biz; Insert
kondahtings.info; Insert
ksjdhfgbncnba.info; Insert
ksjuyetrbon.info; Insert
ksnr-1p8f-st.biz; Insert
kuruma-discount.com; Insert
labck.com;1; Insert
lafoiredesbonnesaffaires.fr; Insert
lamaisondesoffres.fr; Insert
landing-flyho.ru; Insert
lauraplusjudy.us; Insert
laurenpluskaren.us; Insert
layerdirector.info; Insert
ldoblewphe.info; Insert
legmartprogo.com;1; Insert
lendrio.com;1; Insert
lensupgraderhd.com; Insert
lhkrbwps.ru; Insert
lifenewestonlineupdates.com; Insert
lifenewestupdatedinfo.com; Insert
lifespecialnewestinfo.com; Insert
linuxvaultsandcourier.com; Insert
liplaindez.info; Insert
lipodowner.com; Insert
lirez.us; Insert
liveoffer88good.com; Insert
livingtowardslove.com; Insert
localnsadater.com; Insert
locstermaxy.info; Insert
looloo001.in; Insert
lossrecovree.pw; Insert
lowingquality.info; Insert
luckydrugreward.ru; Insert
luckypharmdeal.ru; Insert
lukia.us; Insert
m8bbu-gdvsp.biz; Insert
mabbon-services.com; Insert
machientainted.com; Insert
maennertabletten-bestellen.com.de; Insert
mainesolarcompany.com; Insert
marcus-seng.com; Insert
marieplusjoan.us; Insert
markisteine.com; Insert
martsings.com; Insert
mattergood.net; Insert
mcmarqueting.com; Insert
mebel-core.ru;1; Insert
mediadomainshostr.org; Insert
mediamegaseolab.org; Insert
megatranshostr.org; Insert
melissaannamarie.com; Insert
menshelth.pw; Insert
mensrockhard.com; Insert
merchantdemons.com; Insert
merchentdealers.com; Insert
messgespool20.com; Insert
mexmails.com; Insert
mgmtqlt.com; Insert
militat.org; Insert
milloenvios.com;1; Insert
minidacha.com; Insert
mixtradeserver.biz;1; Insert
montmaxter.info; Insert
morehdplease.com; Insert
mortagesupresor.com; Insert
mosquitosdoom.com; Insert
msnbnn.pw; Insert
murielertha.com; Insert
music-petrkazakov.ru; Insert
musjoe.us; Insert
myglobalpurchase.ru; Insert
myjinghan.net; Insert
mymedicalstore.ru; Insert
myremedialmall.com; Insert
nameditish.com; Insert
nasjas003.in; Insert
nasuo.us; Insert
natural-flowerp.ru; Insert
naturalflowerpwix.ru;1; Insert
navuse.com; Insert
neckho.com;1; Insert
nespressokapsler.com; Insert
newcruisespecialinfo.com; Insert
newdeadlineupdatedinfo.com; Insert
newenrollmentdetails.com; Insert
newestearningupdates.com; Insert
newestenrollmentspecials.com; Insert
newestgiftings.com; Insert
newhealthyupdates.com; Insert
newhelpprograminfo.com; Insert
newhotpurchase.ru; Insert
newpackagetravelupdates.com; Insert
newplacestomeet.com; Insert
newprogramspecialinfo.com; Insert
newsecretupdatedinfo.com; Insert
newspermcirculacion.cl;1; Insert
newtravelspecialupdates.com; Insert
ngolobalakz4.com; Insert
niceinhidhy.info; Insert
nicholezilvia.in; Insert
nonedementianow.com; Insert
nonememoryloss.com; Insert
nopew.us; Insert
northernminkoil.com; Insert
northsightenergy.com; Insert
nsdaflush.info; Insert
nturnnoys.info; Insert
nucau.us; Insert
o58j.com; Insert
ochakovo-zavod.ru; Insert
octaviadelavega.com; Insert
officialnflapparel.us; Insert
oilslimmer.com; Insert
olea-vacances.com; Insert
oliviaharriette.com; Insert
oneguybrewing.com; Insert
onlineenrollmentupdates.com; Insert
onlineregistrations.org; Insert
orgadomorglet.org; Insert
orthreavouac.info; Insert
ossbjj.com; Insert
othergdhking.info;1; Insert
outmidialink.info; Insert
overdominatedblockbusting.pw; Insert
p6wm5-48-q4g.biz; Insert
packageforwindowsrem.com; Insert
packagesatsight.com; Insert
pamelaplusjoyce.us; Insert
panamaline.net; Insert
pandorakelci.com; Insert
parterredphineus.pw; Insert
pasmas002.in; Insert
pasmas004.in; Insert
patiesavage.com; Insert
perfectshing.info;1; Insert
persiterric.com; Insert
peteirphume.com; Insert
pgwcvw0-ngf.com;1; Insert
philbinocyclone.org; Insert
philosophy-sdass.com; Insert
phonenewestsetupupdates.com; Insert
phoneoptionnewsetup.com; Insert
phonesetupnewestupdates.com; Insert
phoneymelodie.com; Insert
pikafoods.com; Insert
pills4life.co.com; Insert
pills4mens.pw; Insert
piwloj.us; Insert
piyiq.co.id; Insert
plussizereducer.com; Insert
pmx-5m4l-dv-qocvtd2t.biz; Insert
pointsapprovedshop.com; Insert
politicalbattliigniiq.com; Insert
poophuns.com; Insert
portperryconcerts.com; Insert
powul.us; Insert
premany.com; Insert
presour.com; Insert
presymptomingrown.pw; Insert
pretated.com; Insert
preturese.com; Insert
prodomainsorga.org; Insert
professionzeal.net; Insert
profit-and-bonus.us; Insert
programsdesigntohelp.com; Insert
prohdshotcams.com; Insert
prosmegtrans.org; Insert
prostechesall.org; Insert
punistrial.org; Insert
qaslas004.in; Insert
qgh2.com; Insert
qom-football.com; Insert
quirelate.com; Insert
qxn6.com; Insert
r-resources.com; Insert
ragilition.org; Insert
raininjduhfh.info; Insert
rebekahkare.com; Insert
recognitionsocia.org; Insert
redpenblueberry.com; Insert
redy2by.info; Insert
reekam.com;1; Insert
refectere.com; Insert
regsall.org; Insert
regsservicesorga.org; Insert
relationances.com; Insert
relationifymedia.net; Insert
remyblondelle.in; Insert
renewalnowwin.com; Insert
restartmemoryfresh.com; Insert
restoreallmems.com; Insert
reviewfortotalbody.com; Insert
rewardnewbonusupdates.com; Insert
rewardonlinebonus.com; Insert
ricic.us; Insert
ringinalistilit.com; Insert
riwjio.us; Insert
rodivickie.in; Insert
roundofground.info; Insert
roushi-trouble.com; Insert
rubin-71.ru; Insert
russian-portals-network.ru; Insert
russian-property-buyers.ru; Insert
ruthpluskayla.us; Insert
sacodecompras.com.br;1; Insert
safetabsquality.ru; Insert
salazzola.info; Insert
sametimeloan.com;419; Insert
samkinghuls.info; Insert
sandraplusjean.us; Insert
santohskinf.info;1; Insert
sarahplusdiana.us; Insert
satinrougepress.com; Insert
sayjeff.com; Insert
schototly.com; Insert
schurzic.info; Insert
scotlantimor.org; Insert
screenrulermac.com; Insert
securepillmarket.ru; Insert
sejir.us; Insert
seomegdomain.org; Insert
seoregdompro.org; Insert
seosmegadom.org; Insert
seosprostrans.org; Insert
seotransalls.org; Insert
separace.com; Insert
servicesseopro.org; Insert
servmegdom.org; Insert
servsdomhoster.org; Insert
setoseharingey.pw; Insert
setupnewestphoneoptions.com; Insert
sezonnaj-rasprodaza-nasosov.ru; Insert
sfo598kk.biz; Insert
sgressif.info; Insert
she-lo.com; Insert
shecolumbia.com; Insert
shingihdgoal.info; Insert
shinkinghf.info; Insert
shipyardere.com; Insert
shoehornmonotypic.pw; Insert
shokofoto.com; Insert
shoodgacress.info; Insert
shopnetbusiness.com; Insert
show-me.pw; Insert
simbolosdemusica.com; Insert
singofhillshu.info; Insert
sitologynonshipping.pw; Insert
sjkdingskd.info; Insert
skinadvertoless.com; Insert
slimbelly.pw; Insert
slownessbasenji.pw; Insert
slownessdravite.pw; Insert
smartpilldeal.ru; Insert
smilehdein.info; Insert
smileinghtdjhs.info; Insert
snappycatclock.com; Insert
sneadgall.info; Insert
socceroverunder.com; Insert
solenald.com; Insert
solsquab.info; Insert
soundbuss.us; Insert
soutputnamic.com; Insert
spirecons.com; Insert
starptc.com; Insert
stc-holidays.com; Insert
steenibksam.info; Insert
streamingupdatednewinfo.com; Insert
strictgossips.com; Insert
strictlyclosers.com; Insert
submering.com; Insert
suggestional.org; Insert
suninghdt.info; Insert
superdescontodanet.com.br;1; Insert
superflattsberlly.com; Insert
superpricesnow.com; Insert
supersmartiipants.com; Insert
supplictions.com; Insert
sweetrapidnewscentral.com; Insert
tajim.us; Insert
takiyagaram.com;1; Insert
techesprosreg.org; Insert
techesservhosters.org; Insert
techestransall.org; Insert
technalink.info; Insert
techregpros.org; Insert
tectrearient.com; Insert
tedcoworldwide.com; Insert
telah.us; Insert
teodoradarya.ru; Insert
teresaplusjacqueline.us; Insert
teva-college.com; Insert
theluminate.net; Insert
themedicationinc.ru; Insert
therealstraw.com; Insert
theshockingnewsecrets.com; Insert
thetraffic.pw; Insert
thiskatory.com; Insert
thmavils.info; Insert
througalaero.com; Insert
tikpec.us; Insert
tkspro.net; Insert
tobeymurial.com; Insert
tojren.us; Insert
topnutraprod.com; Insert
toreplacenow.com; Insert
traking.pw; Insert
transallsmeg.org; Insert
transhosterdomlet.org; Insert
trature.com; Insert
travelnewestpackagespecials.com; Insert
travelpackagenespecials.com; Insert
travelspecialnewestupdates.com; Insert
trinyelss.us; Insert
trustedsolution1.com; Insert
tubupdatenewoptions.com; Insert
tujuo.us; Insert
tzymcqua.info; Insert
ultimate-pug.net; Insert
ultraxmart.com; Insert
unbonnetburningly.pw; Insert
uneenviedefolie.com; Insert
unorsmooshotshd.com; Insert
updatedeadlineinformation.com; Insert
updatedenrollmentinfo.com; Insert
uvillc.com; Insert
v47zqsm-tlx.com; Insert
vacationonlinenewinfo.com; Insert
vacationspecialnewestinfo.com; Insert
vbkoxefmqi.ru; Insert
vegas-and-happy.us; Insert
veneratornonmetamorphous.pw; Insert
ventasalpura.com; Insert
vertebrallyoverfraught.pw; Insert
vibehere.com; Insert
vipwin.info; Insert
viqsiniw.ru; Insert
virondong.com; Insert
vn3h.com; Insert
vps11w003.com; Insert
vrgmailg.info; Insert
vrgmailh.info; Insert
vrgmailk.info; Insert
wanspink.com; Insert
wathdguinfksl.info; Insert
web-media-services.com; Insert
web-reinvention.com; Insert
web.servername.info:88;1; Insert
webanditmenters.com; Insert
webemarketings.com; Insert
weddmathom.com; Insert
weguk.us; Insert
wholesalecheapjerseys.us.com; Insert
wigea.us; Insert
win-and-winner.us; Insert
wlsjravli.ru; Insert
woodinthegill.info; Insert
www-moskovv-probus-con.ru; Insert
www-serd-carossii.ru;1; Insert
wzwebsoleo.biz; Insert
x9my.com; Insert
xahjijhghj.biz; Insert
xazovjyrgy.biz; Insert
xbpurbdzaa.biz; Insert
xcmflhbsxu.biz; Insert
xcmlcskcaf.biz; Insert
xcmpktpbom.biz; Insert
xdjmnnbcfe.biz; Insert
xdoysvzspe.biz; Insert
xdvczhzkdd.biz; Insert
xedgommodc.biz; Insert
xewleejlkj.biz; Insert
xfdeuxbqke.biz; Insert
xgphnojjqn.biz; Insert
xgyhtwoctz.biz; Insert
xmkjjvlo.info; Insert
xn--90alid7adne1a.xn--p1ai; Insert
xn--c1avizzp.xn--p1ai; Insert
xn--d1akg0dwa.xn--p1ai; Insert
xn--h1ai1aih.xn--p1ai; Insert
xn--h1aqbrw.xn--p1ai; Insert
xofferforyou.com; Insert
y0o5.com; Insert
yano-s.com; Insert
yathralanka.com; Insert
yourbonusonlinerewards.com; Insert
yourbrightsmileinfo.com; Insert
yourdeadlinenewestupdates.com; Insert
yourdeadlinenewinfo.com; Insert
yourdeadlinenewupdates.com; Insert
yourenrollmentnewupdates.com; Insert
yourenrollmentupdatedinfo.com; Insert
yourhealthupdateddeadline.com; Insert
yourlifenewonlinespecials.com; Insert
yourlifenewspecials.com; Insert
yournewestdentalcare.com; Insert
yournewestsecretinfo.com; Insert
yournewsecretinformation.com; Insert
yournewsurvivaltool.com; Insert
yourprogramlatestupdates.com; Insert
yourprogramnewupdates.com; Insert
yourrewardnewpoints.com; Insert
yourstreamingnewupdates.com; Insert
yourtravelupdatedspecials.com; Insert
yourvacationnewspecials.com; Insert
yourvacationpackageinfo.com; Insert
yourvacationpackagespecials.com; Insert
z953y-liriy.biz; Insert
zazwos.us; Insert
zdo30a9m9y.com; Insert
zl5u.com; Insert
zo2i.com; Insert
